{
  "name": "W41",
  "w_ipm": 120,
  "h_ipm": 70,
  "max_x": 629200.6560385457,
  "min_y": 3358738.0810841727,
  "min_x": 629080.6560385457,
  "max_y": 3358808.0810841727,
  "res": 10
}